Rank,Club,Country,Level,Elo,From,To
1,Arsenal,ENG,1,2063.7578125,2026-05-31,2026-08-21
2,Man City,ENG,1,1970.85388184,2026-07-05,2026-08-23
3,Paris SG,FRA,1,1967.87866211,2026-07-05,2026-08-23
4,Barcelona,ESP,1,1951.58874512,2026-07-05,2026-08-27
5,Real Madrid,ESP,1,1922.91210938,2026-07-05,2026-08-26
6,Aston Villa,ENG,1,1920.97009277,2026-07-05,2026-08-23
7,Man United,ENG,1,1915.31591797,2026-07-05,2026-08-22
8,Liverpool,ENG,1,1910.7989502,2026-07-05,2026-08-23
9,Inter,ITA,1,1888.60229492,2026-07-05,2026-08-22
10,Bournemouth,ENG,1,1871.9699707,2026-07-05,2026-08-23
11,Sporting,POR,1,1847.9276123,2026-07-05,2026-08-30
12,Brighton,ENG,1,1842.01049805,2026-07-05,2026-08-23
13,Newcastle,ENG,1,1837.53112793,2026-07-05,2026-08-23
14,Brentford,ENG,1,1836.59033203,2026-07-05,2026-08-22
15,Dortmund,GER,1,1834.76879883,2026-07-05,2026-08-29
16,Chelsea,ENG,1,1831.10351562,2026-07-05,2026-08-24
17,Atletico,ESP,1,1827.67553711,2026-07-05,2026-08-19
18,Benfica,POR,1,1823.50854492,2026-07-24,2026-08-30
19,Forest,ENG,1,1822.17004395,2026-07-05,2026-08-22
20,Fulham,ENG,1,1813.09558105,2026-07-05,2026-08-24
21,Porto,POR,1,1805.94543457,2026-07-05,2026-08-30
22,Leverkusen,GER,1,1804.02624512,2026-07-05,2026-08-29
23,Crystal Palace,ENG,1,1803.82458496,2026-07-05,2026-08-22
24,Everton,ENG,1,1803.43054199,2026-07-05,2026-08-22
25,Leeds,ENG,1,1797.3885498,2026-07-05,2026-08-22
26,Roma,ITA,1,1793.45068359,2026-07-05,2026-08-24
27,Napoli,ITA,1,1780.29577637,2026-07-05,2026-08-22
28,Tottenham,ENG,1,1777.30895996,2026-07-05,2026-08-22
29,Juventus,ITA,1,1772.25610352,2026-07-05,2026-08-23
30,West Ham,ENG,2,1768.80187988,2026-07-05,2026-08-16
31,Lens,FRA,1,1767.04321289,2026-07-05,2026-08-22
32,Atalanta,ITA,1,1763.51831055,2026-07-05,2026-08-23
33,RB Leipzig,GER,1,1761.90368652,2026-07-05,2026-08-29
34,Como,ITA,1,1760.02868652,2026-07-05,2026-08-22
35,Villarreal,ESP,1,1759.3449707,2026-07-05,2026-08-16
36,PSV,NED,1,1759.13476562,2026-07-05,2026-08-08
37,Brugge,BEL,1,1757.43847656,2026-07-05,2026-08-07
38,Milan,ITA,1,1750.04199219,2026-07-05,2026-08-23
39,Betis,ESP,1,1747.13122559,2026-07-05,2026-08-25
40,Lille,FRA,1,1743.7088623,2026-07-05,2026-08-23
41,Sunderland,ENG,1,1735.93017578,2026-07-05,2026-08-22
42,Lyon,FRA,1,1731.61791992,2026-07-05,2026-08-22
43,Freiburg,GER,1,1724.91333008,2026-07-05,2026-08-30
44,Monaco,FRA,1,1717.51818848,2026-07-05,2026-08-23
45,St Gillis,BEL,1,1716.76196289,2026-07-05,2026-08-08
46,Marseille,FRA,1,1716.74267578,2026-07-05,2026-08-21
47,Rennes,FRA,1,1716.11877441,2026-07-05,2026-08-23
48,Strasbourg,FRA,1,1710.80432129,2026-07-05,2026-08-21
49,Bodoe Glimt,NOR,1,1708.89233398,2026-07-23,2026-07-26
50,Rayo Vallecano,ESP,1,1707.34008789,2026-07-05,2026-08-15
51,Lazio,ITA,1,1703.16967773,2026-07-05,2026-08-24
52,Bologna,ITA,1,1701.2779541,2026-07-05,2026-08-24
53,Celta,ESP,1,1700.77709961,2026-07-05,2026-08-16
54,Hoffenheim,GER,1,1700.35388184,2026-07-05,2026-08-29
55,Braga,POR,1,1698.91101074,2026-07-23,2026-08-30
56,Valencia,ESP,1,1697.41503906,2026-07-05,2026-08-25
57,Midtjylland,DEN,1,1687.3840332,2026-07-24,2026-07-26
58,Galatasaray,TUR,1,1684.27087402,2026-07-05,2026-08-30
59,Wolves,ENG,2,1679.6932373,2026-07-05,2026-08-14
60,Bilbao,ESP,1,1677.90087891,2026-07-05,2026-08-27
61,Mainz,GER,1,1671.92553711,2026-07-05,2026-08-29
62,Fiorentina,ITA,1,1670.17321777,2026-07-05,2026-08-24
63,Sociedad,ESP,1,1669.46557617,2026-07-05,2026-08-26
64,Burnley,ENG,2,1666.33666992,2026-07-05,2026-08-16
65,Getafe,ESP,1,1664.07507324,2026-07-05,2026-08-15
66,Frankfurt,GER,1,1663.77990723,2026-07-05,2026-08-29
67,Coventry,ENG,1,1661.4777832,2026-07-05,2026-08-21
68,Zenit,RUS,1,1657.19775391,2026-07-05,2026-08-30
69,Fenerbahce,TUR,1,1655.55847168,2026-07-22,2026-08-30
70,Slavia Praha,CZE,1,1654.11645508,2026-07-05,2026-07-26
71,Toulouse,FRA,1,1652.31567383,2026-07-05,2026-08-22
72,Osasuna,ESP,1,1650.25805664,2026-07-05,2026-08-16
73,Udinese,ITA,1,1645.94152832,2026-07-05,2026-08-22
74,Mallorca,ESP,1,1642.77294922,2026-07-05,2026-08-30
75,Gladbach,GER,1,1640.84326172,2026-07-05,2026-08-29
76,AEK,GRE,1,1640.65856934,2026-07-05,2026-08-22
77,Ipswich,ENG,1,1639.99816895,2026-07-05,2026-08-22
78,Lorient,FRA,1,1639.05737305,2026-07-05,2026-08-22
79,Levante,ESP,1,1638.74023438,2026-07-05,2026-08-16
80,Augsburg,GER,1,1636.44641113,2026-07-05,2026-08-30
81,Southampton,ENG,2,1636.34643555,2026-07-05,2026-08-16
82,Girona,ESP,1,1635.80603027,2026-07-05,2026-08-30
83,Alaves,ESP,1,1634.98193359,2026-07-05,2026-08-15
84,FC Krasnodar,RUS,1,1632.22900391,2026-07-05,2026-08-30
85,Viking,NOR,1,1631.9107666,2026-07-23,2026-07-26
86,Espanyol,ESP,1,1629.45593262,2026-07-05,2026-08-16
87,Paris FC,FRA,1,1629.32714844,2026-07-05,2026-08-22
88,Sevilla,ESP,1,1625.92346191,2026-07-05,2026-08-15
89,Auxerre,FRA,1,1624.1114502,2026-07-05,2026-08-22
90,Torino,ITA,1,1624.05883789,2026-07-05,2026-08-23
91,Elche,ESP,1,1623.40356445,2026-07-05,2026-08-17
92,Sassuolo,ITA,1,1622.01721191,2026-07-05,2026-08-23
93,Brest,FRA,1,1620.84448242,2026-07-05,2026-08-22
94,Union Berlin,GER,1,1619.43066406,2026-07-05,2026-08-29
95,Genoa,ITA,1,1618.22717285,2026-07-05,2026-08-22
96,Werder,GER,1,1606.01940918,2026-07-05,2026-08-30
97,PAOK,GRE,1,1605.5760498,2026-07-24,2026-08-22
98,Millwall,ENG,2,1604.41845703,2026-07-05,2026-08-15
99,Feyenoord,NED,1,1602.56091309,2026-07-05,2026-08-09
100,Hamburg,GER,1,1602.14733887,2026-07-05,2026-08-29
None,Parma,ITA,1,1599.93127441,2026-05-25,2026-08-22
None,Venezia,ITA,2,1598.84887695,2026-05-09,2026-08-23
None,Cagliari,ITA,1,1594.30493164,2026-05-25,2026-08-22
None,Famalicao,POR,1,1590.96594238,2026-05-17,2026-08-30
None,Middlesbrough,ENG,2,1588.94506836,2026-05-31,2026-08-15
None,Crvena Zvezda,SRB,1,1586.15515137,2026-07-22,2026-07-26
None,Las Palmas,ESP,2,1585.08984375,2026-06-11,2026-08-30
None,Aarhus,DEN,1,1582.55212402,2026-07-22,2026-07-25
None,Nice,FRA,1,1582.37219238,2026-05-31,2026-08-22
None,Santander,ESP,2,1581.93249512,2026-06-01,2026-08-16
None,Genk,BEL,1,1581.32556152,2026-06-01,2026-08-09
None,Le Havre,FRA,1,1580.06848145,2026-05-31,2026-08-23
None,FC Kobenhavn,DEN,1,1578.41003418,2026-07-24,2026-07-26
None,Ajax,NED,1,1578.02783203,2026-07-24,2026-08-09
None,Dinamo Zagreb,CRO,1,1577.11853027,2026-07-22,2026-08-30
None,Celtic,SCO,1,1575.15283203,2026-05-17,2026-08-30
None,Malaga,ESP,2,1568.62805176,2026-06-21,2026-08-19
None,Koeln,GER,1,1568.16882324,2026-05-21,2026-08-29
None,Lecce,ITA,1,1568.02038574,2026-05-25,2026-08-23
None,Twente,NED,1,1567.7479248,2026-07-24,2026-08-09
None,Frosinone,ITA,2,1564.72619629,2026-05-09,2026-08-23
None,Paphos,CYP,0,1561.03271484,2026-07-24,2026-08-30
None,Norwich,ENG,2,1560.36108398,2026-05-31,2026-08-15
None,Oviedo,ESP,1,1557.96923828,2026-05-28,2026-08-30
None,Viktoria Plzen,CZE,1,1556.39904785,2026-05-25,2026-07-25
None,Almeria,ESP,2,1556.26391602,2026-06-21,2026-08-30
None,Lok Moskva,RUS,1,1555.28356934,2026-03-16,2026-08-30
None,CSKA Moskva,RUS,1,1554.62353516,2026-03-15,2026-08-30
None,St Truiden,BEL,1,1554.60766602,2026-05-25,2026-08-08
None,Karabakh Agdam,AZE,0,1554.37609863,2026-07-24,2026-08-30
None,Heidenheim,GER,2,1552.56970215,2026-07-04,2026-08-08
None,Spartak Moskva,RUS,1,1550.99316406,2026-03-15,2026-08-30
None,Eibar,ESP,2,1549.77270508,2026-06-01,2026-08-30
None,Sparta Praha,CZE,1,1547.84729004,2026-05-25,2026-07-25
None,Angers,FRA,1,1547.54577637,2026-05-31,2026-08-23
None,Panathinaikos,GRE,1,1546.63842773,2026-07-24,2026-08-22
None,Sheffield United,ENG,2,1546.58056641,2026-05-31,2026-08-15
None,Castellon,ESP,2,1546.32910156,2026-06-10,2026-08-30
None,Depor,ESP,2,1546.31396484,2026-06-01,2026-08-17
None,Nantes,FRA,1,1544.4296875,2026-05-31,2026-08-30
None,Monza,ITA,2,1543.99084473,2026-05-30,2026-08-22
None,Reims,FRA,2,1541.97412109,2026-05-31,2026-08-30
None,Burgos,ESP,2,1541.79614258,2026-06-01,2026-08-30
None,Nordsjaelland,DEN,1,1541.78027344,2026-07-24,2026-07-26
None,Derby,ENG,2,1539.21325684,2026-05-31,2026-08-15
None,Alkmaar,NED,1,1539.21289062,2026-05-18,2026-08-08
None,Dynamo Moskva,RUS,1,1538.52539062,2026-03-15,2026-08-30
None,Swansea,ENG,2,1536.28552246,2026-05-31,2026-08-15
None,St Pauli,GER,2,1532.94165039,2026-07-04,2026-08-08
None,Hull,ENG,1,1532.88037109,2026-07-04,2026-08-22
None,Nijmegen,NED,1,1531.59875488,2026-05-18,2026-08-08
None,Cremonese,ITA,1,1531.55664062,2026-05-25,2026-08-30
None,Brondby,DEN,1,1529.92553711,2026-05-22,2026-07-25
None,Brann,NOR,1,1528.16906738,2026-07-24,2026-07-26
None,Hannover,GER,2,1527.87036133,2026-05-21,2026-08-08
None,Wrexham,ENG,2,1527.45922852,2026-05-31,2026-08-17
None,Trabzonspor,TUR,1,1526.23779297,2026-05-18,2026-08-30
None,Paderborn,GER,1,1525.36767578,2026-07-04,2026-08-29
None,Anderlecht,BEL,0,1523.74462891,2026-07-24,2026-08-30
None,Elversberg,GER,1,1523.3984375,2026-07-04,2026-08-29
None,Troyes,FRA,2,1521.14294434,2026-05-31,2026-08-22
None,Lech,POL,1,1520.91870117,2026-07-22,2026-07-25
None,Bueyueksehir,TUR,1,1520.46105957,2026-07-23,2026-08-30
None,Utrecht,NED,1,1520.30163574,2026-05-25,2026-08-09
None,Ferencvaros,HUN,1,1520.05029297,2026-07-24,2026-07-26
None,Schalke,GER,1,1519.74243164,2026-07-04,2026-08-30
None,Rangers,SCO,1,1517.05700684,2026-05-17,2026-08-30
None,Besiktas,TUR,1,1516.3416748,2026-07-24,2026-08-30
None,Mjaellby,SWE,1,1515.64575195,2026-07-22,2026-07-25
None,Guimaraes,POR,1,1515.55187988,2026-05-17,2026-08-30
None,Palermo,ITA,2,1514.03564453,2026-05-21,2026-08-30
None,Rakow,POL,1,1513.4987793,2026-07-24,2026-07-26
None,Viborg,DEN,1,1512.19714355,2026-05-18,2026-07-24
None,Gil Vicente,POR,1,1507.84594727,2026-05-17,2026-08-30
None,Saint-Etienne,FRA,2,1507.84033203,2026-05-31,2026-08-30
None,Bristol City,ENG,2,1507.68261719,2026-05-31,2026-08-15
None,Hammarby,SWE,1,1507.66381836,2026-07-24,2026-07-26
None,Birmingham,ENG,2,1507.0657959,2026-05-31,2026-08-15
None,Charleroi,BEL,1,1504.9967041,2026-05-24,2026-08-09
None,West Brom,ENG,2,1504.70568848,2026-05-31,2026-08-15
None,Verona,ITA,1,1502.55664062,2026-05-25,2026-08-30
None,Standard,BEL,1,1502.06079102,2026-05-24,2026-08-08
None,Arouca,POR,1,1500.69458008,2026-05-17,2026-08-30
None,Gijon,ESP,2,1499.98913574,2026-05-31,2026-08-30
None,Portsmouth,ENG,2,1499.31555176,2026-05-31,2026-08-15
None,Gent,BEL,1,1497.22473145,2026-07-24,2026-08-09
None,Tromso,NOR,1,1496.79089355,2026-07-24,2026-08-30
None,Albacete,ESP,2,1496.30981445,2026-05-31,2026-08-30
None,Rodez,FRA,2,1494.4453125,2026-05-31,2026-08-30
None,Larnaca,CYP,0,1494.35522461,2026-07-24,2026-08-30
None,Andorra CF,ESP,2,1493.97790527,2026-06-01,2026-08-30
None,Estoril,POR,1,1493.87988281,2026-05-17,2026-08-30
None,Blackburn,ENG,2,1493.27893066,2026-05-31,2026-08-14
None,Le Mans,FRA,2,1492.42102051,2026-05-31,2026-08-22
None,Metz,FRA,1,1489.80969238,2026-05-31,2026-08-30
None,Bochum,GER,2,1486.64135742,2026-05-21,2026-08-07
None,Baltika,RUS,1,1484.52722168,2026-03-15,2026-08-30
None,Santa Clara,POR,1,1482.95849609,2026-05-17,2026-08-30
None,Salzburg,AUT,1,1482.40710449,2026-05-18,2026-08-01
None,Leganes,ESP,2,1481.57946777,2026-06-01,2026-08-30
None,QPR,ENG,2,1480.50976562,2026-05-31,2026-08-15
None,Antwerp,BEL,1,1480.32495117,2026-05-24,2026-08-09
None,Moreirense,POR,1,1478.99890137,2026-05-17,2026-08-30
None,Preston,ENG,2,1478.86474609,2026-05-31,2026-08-15
None,Mechelen,BEL,1,1478.85229492,2026-05-25,2026-08-09
None,Montpellier,FRA,2,1477.11657715,2026-05-31,2026-08-30
None,Westerlo,BEL,1,1475.3503418,2026-05-24,2026-08-08
None,Cordoba,ESP,2,1474.97338867,2026-06-01,2026-08-30
None,Apollon Lemesos,CYP,0,1474.15783691,2026-07-24,2026-08-30
None,Hearts,SCO,1,1473.26843262,2026-07-22,2026-08-30
None,Djurgarden,SWE,1,1472.00268555,2026-07-21,2026-07-25
None,Sturm Graz,AUT,1,1471.63842773,2026-07-22,2026-08-01
None,StGallen,SUI,1,1469.69934082,2026-07-24,2026-07-26
None,Cardiff,ENG,2,1468.6348877,2026-07-03,2026-08-17
None,Bolton,ENG,2,1468.6348877,2026-07-03,2026-08-15
None,Heerenveen,NED,1,1468.30761719,2026-05-22,2026-08-09
None,Molde,NOR,1,1467.12402344,2026-07-19,2026-07-26
None,Jagiellonia,POL,1,1466.60546875,2026-05-24,2026-07-25
None,Beer-Sheva,ISR,1,1466.13781738,2026-07-22,2026-08-30
None,Annecy,FRA,2,1465.85766602,2026-05-31,2026-08-30
None,SonderjyskE,DEN,1,1465.48193359,2026-05-18,2026-07-26
None,Darmstadt,GER,2,1463.35742188,2026-05-21,2026-08-08
None,Thun,SUI,1,1463.22167969,2026-07-22,2026-07-25
None,Holstein,GER,2,1462.63537598,2026-05-21,2026-08-08
None,Samsunspor,TUR,1,1461.5769043,2026-05-17,2026-08-30
None,Hertha,GER,2,1461.53955078,2026-05-21,2026-08-07
None,Granada,ESP,2,1461.25671387,2026-05-31,2026-08-30
None,Nuernberg,GER,2,1458.71105957,2026-05-21,2026-08-08
None,Craiova,ROM,1,1458.68530273,2026-07-23,2026-07-25
None,Catanzaro,ITA,2,1458.62243652,2026-05-30,2026-08-30
None,Watford,ENG,2,1458.16186523,2026-05-31,2026-08-16
None,Omonia,CYP,0,1456.90466309,2026-07-23,2026-08-30
None,Pisa,ITA,1,1455.70275879,2026-05-24,2026-08-30
None,Celje,SVN,1,1455.5267334,2026-07-23,2026-07-25
None,Gyoer,HUN,1,1454.81445312,2026-07-15,2026-07-26
None,Ceuta,ESP,2,1454.66540527,2026-05-31,2026-08-30
None,Charlton,ENG,2,1452.98535156,2026-05-31,2026-08-15
None,Stoke,ENG,2,1452.73156738,2026-05-31,2026-08-15
None,LASK,AUT,1,1452.54577637,2026-05-18,2026-07-31
None,Gornik,POL,1,1452.04492188,2026-07-22,2026-07-25
None,Rio Ave,POR,1,1451.29150391,2026-05-17,2026-08-30
None,Nacional,POR,1,1451.03393555,2026-05-17,2026-08-30
None,Goeztepe,TUR,1,1450.39257812,2026-05-17,2026-08-30
None,Lugano,SUI,1,1450.05969238,2026-07-24,2026-07-26
None,Rubin Kazan,RUS,1,1449.72570801,2026-03-16,2026-08-30
None,Cercle Brugge,BEL,1,1445.62512207,2026-05-10,2026-08-08
None,Hradec Kralove,CZE,1,1445.51147461,2026-07-24,2026-07-26
None,Silkeborg,DEN,1,1445.33203125,2026-05-18,2026-07-27
None,Jablonec,CZE,1,1445.09521484,2026-07-24,2026-07-26
None,Malmoe,SWE,1,1444.68371582,2026-07-21,2026-07-26
None,Alverca,POR,1,1443.62683105,2026-05-17,2026-08-30
None,Levski,BUL,1,1441.24841309,2026-07-23,2026-07-25
None,Red Star,FRA,2,1441.04553223,2026-05-31,2026-08-30
None,Go Ahead Eagles,NED,1,1440.8338623,2026-05-18,2026-08-08
None,Legia,POL,1,1440.72375488,2026-05-24,2026-07-24
None,Mirandes,ESP,2,1440.08032227,2026-06-01,2026-08-30
None,Magdeburg,GER,2,1439.74841309,2026-05-21,2026-08-08
None,Groningen,NED,1,1438.96704102,2026-05-22,2026-08-09
None,M Tel Aviv,ISR,1,1438.46240234,2026-07-24,2026-08-30
None,CFR Cluj,ROM,1,1437.53100586,2026-07-24,2026-07-27
None,Basel,SUI,1,1436.5378418,2026-05-18,2026-07-25
None,Karlsruhe,GER,2,1435.78112793,2026-05-21,2026-08-08
None,Sion,SUI,1,1433.71716309,2026-07-24,2026-07-26
None,Universitatea Cluj,ROM,1,1433.61633301,2026-07-24,2026-07-26
None,Randers,DEN,1,1432.48901367,2026-05-18,2026-07-27
None,Razgrad,BUL,1,1431.40698242,2026-07-24,2026-07-27
None,Slovan Liberec,CZE,1,1431.40258789,2026-05-25,2026-07-25
None,Young Boys,SUI,1,1431.35949707,2026-05-18,2026-07-26
None,Odense,DEN,1,1430.63183594,2026-05-18,2026-07-24
None,Zulte Waregem,BEL,1,1430.47900391,2026-05-10,2026-08-09
None,Modena,ITA,2,1429.02429199,2026-05-13,2026-08-30
None,Sociedad B,ESP,2,1428.48071289,2026-05-31,2026-08-30
None,Casa Pia,POR,1,1427.91748047,2026-05-17,2026-08-30
None,IK Sirius,SWE,1,1427.83239746,2026-07-20,2026-07-26
None,Rosenborg,NOR,1,1427.67407227,2026-07-19,2026-07-27
None,Hajduk,CRO,1,1426.87268066,2026-07-24,2026-08-30
None,Steaua,ROM,1,1426.69921875,2026-07-24,2026-07-26
None,Katowice,POL,1,1426.26806641,2026-07-24,2026-07-26
None,Juve Stabia,ITA,2,1425.40319824,2026-05-20,2026-08-30
None,Valladolid,ESP,2,1425.33886719,2026-06-01,2026-08-30
None,Pogon,POL,1,1424.82568359,2026-05-24,2026-07-24
None,Rostov,RUS,1,1424.74609375,2026-03-15,2026-08-30
None,Sandefjord,NOR,1,1423.67431641,2026-07-19,2026-07-26
None,Dunkerque,FRA,2,1423.47241211,2026-05-31,2026-08-30
None,Empoli,ITA,2,1422.83203125,2026-05-09,2026-08-30
None,Leuven,BEL,1,1422.09460449,2026-05-24,2026-08-09
None,Servette,SUI,1,1417.44897461,2026-05-17,2026-07-25
None,Beitar,ISR,1,1414.83398438,2026-07-24,2026-08-30
None,Dresden,GER,2,1414.3605957,2026-05-21,2026-08-08
None,Piast Gliwice,POL,1,1413.75854492,2026-05-24,2026-07-27
None,Fredrikstad,NOR,1,1412.80065918,2026-07-18,2026-07-27
None,Sparta Rotterdam,NED,1,1411.77038574,2026-05-18,2026-08-09
None,Cadiz,ESP,2,1409.97790527,2026-06-01,2026-08-30
None,Terek Grozny,RUS,1,1406.51831055,2026-03-16,2026-08-30
None,Levadeiakos,GRE,1,1405.93115234,2026-05-18,2026-08-22
None,Grenoble,FRA,2,1405.70874023,2026-05-31,2026-08-30
None,Huesca,ESP,2,1405.03857422,2026-06-01,2026-08-30
None,Bielefeld,GER,2,1404.89758301,2026-05-21,2026-08-08
None,Sarpsborg,NOR,1,1403.36450195,2026-07-19,2026-07-26
None,Estrela Amadora,POR,1,1403.16516113,2026-05-17,2026-08-30
None,Rizespor,TUR,1,1402.17834473,2026-05-16,2026-08-30
None,Mantova,ITA,2,1399.96459961,2026-05-09,2026-08-30
None,Tondela,POR,1,1399.92504883,2026-05-17,2026-08-30
None,Austria Wien,AUT,1,1398.94311523,2026-07-24,2026-08-02
None,Hibernian,SCO,1,1398.91040039,2026-07-24,2026-08-30
None,Alanyaspor,TUR,1,1398.89465332,2026-05-17,2026-08-30
None,Konyaspor,TUR,1,1398.39013672,2026-05-18,2026-08-30
None,Lubin,POL,1,1397.54760742,2026-05-24,2026-07-27
None,Luzern,SUI,1,1397.09777832,2026-05-17,2026-07-25
None,Ham-Kam,NOR,1,1395.87011719,2026-07-23,2026-07-26
None,Guingamp,FRA,2,1394.87768555,2026-05-31,2026-08-30
None,Fuerth,GER,2,1394.82666016,2026-05-21,2026-08-08
None,Telstar,NED,1,1394.6973877,2026-05-18,2026-08-08
None,Cracovia,POL,1,1394.18835449,2026-05-24,2026-07-25
None,Sampdoria,ITA,2,1390.78161621,2026-05-09,2026-08-30
None,Clermont,FRA,2,1390.66430664,2026-05-31,2026-08-30
None,Korona,POL,1,1390.38623047,2026-05-24,2026-07-25
None,Motherwell,SCO,1,1389.7043457,2026-07-24,2026-08-30
None,Zwolle,NED,1,1389.3717041,2026-05-18,2026-08-09
None,Elfsborg,SWE,1,1388.13391113,2026-07-20,2026-07-26
None,Rijeka,CRO,1,1387.4979248,2026-07-24,2026-08-30
None,GAIS,SWE,1,1387.08862305,2026-07-24,2026-07-26
None,Carrarese,ITA,2,1385.89770508,2026-05-09,2026-08-30
None,Spezia,ITA,2,1384.77941895,2026-05-09,2026-08-30
None,Zaragoza,ESP,2,1384.69812012,2026-06-01,2026-08-30
None,Laval,FRA,2,1384.28735352,2026-05-31,2026-08-30
None,Haecken,SWE,1,1383.41943359,2026-07-20,2026-07-27
None,Sittard,NED,1,1383.10021973,2026-05-18,2026-08-08
None,Kasimpasa,TUR,1,1383.04516602,2026-05-18,2026-08-30
None,Bastia,FRA,2,1382.39282227,2026-05-31,2026-08-30
None,Avellino,ITA,2,1381.59411621,2026-05-09,2026-08-30
None,Rapid Wien,AUT,1,1381.19360352,2026-07-24,2026-08-02
None,AIK,SWE,1,1381.11547852,2026-07-19,2026-07-27
None,Braunschweig,GER,2,1381.04882812,2026-05-21,2026-08-08
None,Motor Lublin,POL,1,1379.69775391,2026-05-24,2026-07-26
None,Valerenga,NOR,1,1377.26928711,2026-07-17,2026-07-26
None,Excelsior,NED,1,1377.12597656,2026-05-18,2026-08-07
None,Plock,POL,1,1375.22241211,2026-05-24,2026-07-26
None,Lausanne,SUI,1,1374.96118164,2026-05-17,2026-07-25
None,Pau,FRA,2,1374.34631348,2026-05-31,2026-08-30
None,Suedtirol,ITA,2,1372.29528809,2026-05-23,2026-08-30
None,Sigma Olomouc,CZE,1,1371.94616699,2026-05-24,2026-07-26
None,Widzew,POL,1,1371.26391602,2026-05-24,2026-07-26
None,Hartberg,AUT,1,1370.59326172,2026-05-18,2026-08-01
None,Eyupspor,TUR,1,1370.07275391,2026-05-18,2026-08-30
None,Goeteborg,SWE,1,1368.79516602,2026-07-22,2026-07-26
None,Rapid Bucuresti,ROM,1,1368.52380371,2026-07-21,2026-07-27
None,Dinamo Bucuresti,ROM,1,1368.21972656,2026-07-20,2026-07-25
None,Leonesa,ESP,2,1367.80847168,2026-05-31,2026-08-30
None,Paksi,HUN,1,1367.53356934,2026-07-24,2026-07-26
None,Slovan Bratislava,SLK,0,1366.51843262,2026-07-22,2026-08-30
None,Bari,ITA,2,1366.16137695,2026-05-23,2026-08-30
None,Kryliya Sovetov,RUS,1,1366.14489746,2026-03-16,2026-08-30
None,Cesena,ITA,2,1365.5480957,2026-05-09,2026-08-30
None,Padova,ITA,2,1365.3984375,2026-05-09,2026-08-30
None,Koper,SVN,1,1364.5402832,2026-07-24,2026-08-30
None,Puskas Akademia,HUN,1,1363.62231445,2026-05-16,2026-07-26
None,KFUM Oslo,NOR,1,1363.44885254,2026-07-19,2026-07-26
None,Lillestrom,NOR,1,1363.40356445,2026-07-23,2026-08-30
None,Akron Togliatti,RUS,1,1360.69018555,2026-03-16,2026-08-30
None,Nancy,FRA,2,1359.40515137,2026-05-31,2026-08-30
None,Entella,ITA,2,1358.08483887,2026-05-09,2026-08-30
None,Varazdin,CRO,1,1357.82263184,2026-07-24,2026-08-30
None,Boulogne,FRA,2,1357.81335449,2026-05-31,2026-08-30
None,CSKA Sofia,BUL,1,1355.23095703,2026-07-24,2026-07-27
None,Gaziantep FK,TUR,1,1354.34484863,2026-05-17,2026-08-30
None,Debrecen,HUN,1,1353.97338867,2026-07-24,2026-07-26
None,Lok Zagreb,CRO,1,1353.19470215,2026-05-24,2026-08-30
None,Kristiansund,NOR,1,1353.01513672,2026-07-19,2026-07-25
None,Pescara,ITA,2,1351.91564941,2026-05-09,2026-08-30
None,FK Astana,KAZ,0,1351.59240723,2026-07-17,2026-08-30
None,Kortrijk,BEL,1,1350.14294434,2026-07-03,2026-08-07
None,Lommel,BEL,1,1350.14294434,2026-07-03,2026-08-08
None,Beveren,BEL,1,1350.14294434,2026-07-03,2026-08-09
None,Genclerbirligi,TUR,1,1349.63000488,2026-05-18,2026-08-30
None,AVS Futebol,POR,1,1347.30688477,2026-05-17,2026-08-30
None,Maccabi Haifa,ISR,1,1347.22473145,2026-05-24,2026-08-30
None,Horsens,DEN,1,1347.06616211,2026-07-03,2026-07-26
None,Lyngby,DEN,1,1347.06616211,2026-07-03,2026-07-26
None,Pardubice,CZE,1,1346.96411133,2026-05-11,2026-07-26
None,Banik Ostrava,CZE,1,1346.5625,2026-05-24,2026-07-25
None,Bohemians Praha,CZE,1,1344.51184082,2026-07-23,2026-07-25
None,Orenburg,RUS,1,1343.03881836,2026-03-14,2026-08-30
None,Kocaelispor,TUR,1,1342.98779297,2026-05-18,2026-08-30
None,Osnabrueck,GER,2,1342.63476562,2026-07-03,2026-08-08
None,Cottbus,GER,2,1342.63476562,2026-07-03,2026-08-08
None,Partizan,SRB,1,1342.41906738,2026-07-24,2026-07-26
None,Dunajska,SLK,0,1342.41223145,2026-07-24,2026-08-30
None,Dynamo Makhachkala,RUS,1,1339.20922852,2026-03-14,2026-08-30
None,Slask,POL,1,1338.51904297,2026-07-03,2026-07-25
None,Wisla,POL,1,1338.51904297,2026-07-03,2026-07-26
None,Nizhny Novgorod,RUS,1,1337.8013916,2026-03-16,2026-08-30
None,Sheriff Tiraspol,MOL,0,1337.35595703,2026-07-24,2026-08-30
None,Maribor,SVN,1,1334.22265625,2026-07-20,2026-08-30
None,Reggiana,ITA,2,1334.04577637,2026-05-09,2026-08-30
None,Trnava,SLK,0,1333.72814941,2026-07-23,2026-08-30
None,Kayseri,TUR,1,1333.65478516,2026-05-18,2026-08-30
None,Wolfsberg,AUT,1,1333.6505127,2026-05-20,2026-08-02
None,Zilina,SLK,0,1333.45056152,2026-07-24,2026-08-30
None,H Tel Aviv,ISR,1,1333.1138916,2026-07-24,2026-08-30
None,Osijek,CRO,1,1330.08520508,2026-05-23,2026-08-30
None,Antalyaspor,TUR,1,1328.71740723,2026-05-18,2026-08-30
None,Teplice,CZE,1,1328.1394043,2026-05-24,2026-07-25
None,Fatih Karaguemruek,TUR,1,1325.40698242,2026-05-17,2026-08-30
None,Zira,AZE,0,1319.08618164,2026-07-24,2026-08-30
None,Chernomorets,UKR,1,1317.87121582,2026-07-03,2026-08-02
None,Karpaty,UKR,1,1317.87121582,2026-07-03,2026-08-01
None,Kryvbas,UKR,1,1317.87121582,2026-07-03,2026-08-01
None,Obolon Kyiv,UKR,1,1317.87121582,2026-07-03,2026-08-02
None,Polissya Zhytomyr,UKR,1,1317.87121582,2026-07-24,2026-08-02
None,Episentr,UKR,1,1317.87121582,2026-07-03,2026-08-02
None,Olimpija Ljubljana,SVN,1,1317.77832031,2026-07-19,2026-07-25
None,Willem II,NED,1,1317.28881836,2026-07-03,2026-08-08
None,Cambuur,NED,1,1317.28881836,2026-07-03,2026-08-07
None,Den Haag,NED,1,1317.28881836,2026-07-03,2026-08-08
None,Asteras Tripolis,GRE,1,1313.69946289,2026-05-22,2026-08-22
None,Shamrock,IRL,0,1313.01416016,2026-07-22,2026-08-30
None,CSKA 1948 Sofia,BUL,1,1312.79211426,2026-07-23,2026-07-25
None,Neftchi,AZE,0,1312.18469238,2026-07-23,2026-08-30
None,Sabah,AZE,0,1311.19018555,2026-07-22,2026-08-30
None,Zuerich,SUI,1,1307.39770508,2026-05-17,2026-07-26
None,UTA Arad,ROM,1,1305.11437988,2026-07-19,2026-07-24
None,Ried,AUT,1,1301.83740234,2026-05-26,2026-08-02
None,HNK Gorica,CRO,1,1300.91821289,2026-05-24,2026-08-30
None,Altach,AUT,1,1298.19055176,2026-05-17,2026-08-02
None,Sochi,RUS,1,1297.66748047,2026-03-15,2026-08-30
None,Kilmarnock,SCO,1,1297.11791992,2026-05-18,2026-08-30
None,Kuopio,FIN,0,1296.51391602,2026-07-22,2026-08-30
None,Otelul Galati,ROM,1,1296.07861328,2026-07-19,2026-07-24
None,Amiens,FRA,2,1295.50183105,2026-05-31,2026-08-30
None,Bravo,SVN,1,1294.92614746,2026-07-24,2026-08-30
None,Start,NOR,1,1294.83154297,2026-07-19,2026-07-25
None,Kairat,KAZ,0,1294.38867188,2026-07-23,2026-08-30
None,Noah,ARM,0,1294.14245605,2026-07-24,2026-08-30
None,Viitorul,ROM,1,1293.85339355,2026-07-20,2026-07-25
None,Panetolikos,GRE,1,1292.25964355,2026-05-22,2026-08-22
None,Wattens,AUT,1,1292.03271484,2026-05-17,2026-08-01
None,Ujpest,HUN,1,1291.9354248,2026-05-17,2026-07-24
None,Aalesund,NOR,1,1291.39440918,2026-07-17,2026-07-26
None,Istra 1961,CRO,1,1291.16687012,2026-05-24,2026-08-30
None,Tescoma Zlin,CZE,1,1290.13598633,2026-05-24,2026-07-25
None,Grasshoppers,SUI,1,1289.90795898,2026-05-19,2026-07-25
None,Kifisias,GRE,1,1289.7779541,2026-05-22,2026-08-22
None,Novi Sad,SRB,1,1288.29541016,2026-07-24,2026-07-26
None,Brommapojkarna,SWE,1,1286.93847656,2026-07-18,2026-07-26
None,Dundee United,SCO,1,1286.71264648,2026-05-18,2026-08-30
None,Pyunik,ARM,0,1286.7109375,2026-07-24,2026-08-30
None,Nyiregyhaza,HUN,1,1285.84594727,2026-05-16,2026-07-24
None,Vikingur,ISL,0,1285.12316895,2026-07-22,2026-08-30
None,Slovacko,CZE,1,1284.80175781,2026-05-24,2026-07-26
None,FK Riga,LAT,0,1283.32739258,2026-07-23,2026-08-30
None,Zrinjski Mostar,BHZ,0,1283.0456543,2026-07-24,2026-08-30
None,Slaven Belupo,CRO,1,1282.4810791,2026-05-23,2026-08-30
None,Vaduz,LIE,0,1280.60302734,2026-07-24,2026-07-26
None,GAK,AUT,1,1279.81030273,2026-05-17,2026-07-31
None,Cherno More,BUL,1,1279.59619141,2026-07-20,2026-07-26
None,St Patricks,IRL,0,1278.34521484,2026-01-01,2026-08-30
None,Botosani,ROM,1,1277.43041992,2026-07-18,2026-07-27
None,Tobol,KAZ,0,1273.34179688,2026-07-24,2026-08-30
None,Halmstad,SWE,1,1272.30566406,2026-07-20,2026-07-26
None,Degerfors,SWE,1,1271.91052246,2026-07-20,2026-07-25
None,Netanya,ISR,1,1271.08203125,2026-05-19,2026-08-30
None,Falkirk,SCO,1,1270.04736328,2026-05-17,2026-08-30
None,Aarau,SUI,1,1267.46691895,2026-05-19,2026-08-30
None,Csikszereda,ROM,1,1267.13671875,2026-07-21,2026-07-26
None,Petrolul Ploiesti,ROM,1,1266.38818359,2026-07-20,2026-08-30
None,Dundee,SCO,1,1266.15881348,2026-05-18,2026-08-30
None,Vaesteras,SWE,1,1264.99938965,2026-07-18,2026-07-24
None,Arda,BUL,1,1262.61499023,2026-07-19,2026-07-24
None,Kisvarda,HUN,1,1261.06713867,2026-05-17,2026-07-25
None,Aberdeen,SCO,1,1258.1998291,2026-05-18,2026-08-30
None,Oergryte,SWE,1,1257.30456543,2026-07-21,2026-07-24
None,HJK Helsinki,FIN,0,1246.64978027,2026-07-24,2026-08-30
None,Ararat,ARM,0,1246.33850098,2026-07-22,2026-08-30
None,Kalmar,SWE,1,1246.30627441,2026-07-21,2026-07-25
None,Honved,HUN,1,1246.13330078,2026-07-03,2026-07-25
None,Vasas SC,HUN,1,1246.13330078,2026-07-03,2026-07-26
None,Lustenau,AUT,1,1243.68859863,2026-07-03,2026-08-02
None,St Mirren,SCO,1,1243.31494141,2026-05-18,2026-08-30
None,Drita,KOS,0,1242.50073242,2026-07-22,2026-08-30
None,Shelbourne,IRL,0,1240.87084961,2026-07-24,2026-08-30
None,Zeleznicar Pancevo,SRB,1,1240.4041748,2026-07-23,2026-08-30
None,Iraklis,GRE,1,1239.89086914,2026-07-03,2026-08-22
None,Derry City,IRL,0,1233.97900391,2026-07-24,2026-08-30
None,Botev Plovdiv,BUL,1,1233.97180176,2026-07-21,2026-07-27
None,Winterthur,SUI,1,1232.13244629,2026-05-17,2026-08-30
None,Hapoel Jerusalem,ISR,1,1230.98950195,2026-05-19,2026-08-30
None,Hapoel Haifa,ISR,1,1230.6484375,2026-05-19,2026-08-30
None,Stjarnan,ISL,0,1230.38879395,2026-07-24,2026-08-30
None,Bnei Sakhinin,ISR,1,1229.75512695,2026-05-19,2026-08-30
None,H Petach Tikva,ISR,1,1228.65100098,2026-05-24,2026-08-30
None,Velez Mostar,BHZ,0,1227.04248047,2026-07-24,2026-08-30
None,Shkendija,MAC,0,1226.55493164,2026-07-24,2026-08-30
None,Dynamo Kyiv,UKR,0,1224.94836426,2026-07-24,2026-08-30
None,LNZ,UKR,0,1224.94836426,2026-07-24,2026-08-30
None,Voluntari,ROM,1,1223.70605469,2026-07-18,2026-07-27
None,Sepsi,ROM,1,1223.70605469,2026-07-21,2026-07-26
None,Corvinul Hunedoara,ROM,1,1223.70605469,2026-07-21,2026-07-25
None,RFS,LAT,0,1221.79467773,2026-07-17,2026-08-30
None,Ironi Tiberias,ISR,1,1212.53637695,2026-05-19,2026-08-30
None,Valur,ISL,0,1211.37255859,2026-07-24,2026-08-30
None,FK Sarajevo,BHZ,0,1211.23156738,2026-07-17,2026-08-30
None,Borac Banja Luka,BHZ,0,1210.83227539,2026-07-24,2026-08-30
None,Lok Plovdiv,BUL,1,1205.97167969,2026-07-19,2026-07-26
None,Ilves Tampere,FIN,0,1205.37280273,2026-07-24,2026-08-30
None,Dinamo Minsk,BLR,0,1202.69592285,2026-07-23,2026-08-30
None,Inter Turku,FIN,0,1202.63513184,2026-07-23,2026-08-30
None,BATE,BLR,0,1202.37768555,2026-07-24,2026-08-30
None,Kiryat Shmona,ISR,1,1201.35681152,2026-05-19,2026-08-30
None,Alashkert,ARM,0,1199.71240234,2026-07-24,2026-08-30
None,Slavia Sofia,BUL,1,1199.17602539,2026-07-21,2026-07-24
None,OFK,SRB,1,1199.15270996,2026-07-20,2026-08-30
None,Cukaricki,SRB,1,1198.3515625,2026-07-20,2026-07-25
None,Novi Pazar,SRB,1,1194.02636719,2026-07-19,2026-07-26
None,Lok Sofia,BUL,1,1193.53759766,2026-07-21,2026-07-25
None,Brno,CZE,1,1192.71337891,2026-07-03,2026-07-25
None,Klaksvik,FAR,0,1189.47131348,2026-07-22,2026-08-30
None,Kragujevac,SRB,1,1187.92358398,2026-07-19,2026-08-30
None,Liepajas,LAT,0,1187.7734375,2026-07-24,2026-08-30
None,Ballkani,KOS,0,1185.13781738,2026-07-23,2026-08-30
None,Dinamo Tirana,ALB,0,1183.72375488,2026-07-24,2026-08-30
None,Auda,LAT,0,1179.07128906,2026-07-24,2026-08-30
None,Ashdod,ISR,1,1172.46362305,2026-05-19,2026-08-30
None,Zalgiris Vilnius,LIT,0,1167.50366211,2026-07-24,2026-08-30
None,IMT,SRB,1,1167.2331543,2026-07-20,2026-07-25
None,Botev Vratsa,BUL,1,1165.69091797,2026-07-20,2026-07-25
None,Livingston,SCO,1,1163.26220703,2026-05-18,2026-08-30
None,Torpedo Kutaisi,GEO,0,1159.65441895,2026-07-17,2026-08-30
None,Radnik Surdulica,SRB,1,1159.57324219,2026-07-20,2026-08-30
None,Petrocub,MOL,0,1159.45910645,2026-07-24,2026-08-30
None,Partizani Tirana,ALB,0,1158.83312988,2026-01-01,2026-08-30
None,Egnatia,ALB,0,1157.89331055,2026-07-23,2026-08-30
None,Dinamo Tbilisi,GEO,0,1153.70239258,2026-07-24,2026-08-30
None,Dila Gori,GEO,0,1149.45703125,2026-07-24,2026-08-30
None,Saburtalo,GEO,0,1149.44433594,2026-07-22,2026-08-30
None,Vllaznia,ALB,0,1145.86279297,2026-07-16,2026-08-30
None,Vukovar,CRO,1,1141.32226562,2026-05-23,2026-08-30
None,Mura,SVN,1,1140.62060547,2026-07-18,2026-07-25
None,Aluminij,SVN,1,1136.1673584,2026-07-24,2026-07-25
None,Mladost Lucani,SRB,1,1133.25134277,2026-07-20,2026-07-26
None,Kauno Zalgiris,LIT,0,1131.27331543,2026-07-22,2026-08-30
None,Flora Tallinn,EST,0,1130.34924316,2026-07-24,2026-08-30
None,Maccabi Bnei Raina,ISR,1,1127.99304199,2026-05-19,2026-08-30
None,Zimbru,MOL,0,1121.74816895,2026-07-24,2026-08-30
None,Nis,SRB,1,1120.02661133,2026-07-18,2026-07-25
None,Hamrun,MLT,0,1116.77966309,2026-07-17,2026-08-30
None,Nafta,SVN,1,1116.73962402,2026-07-18,2026-08-30
None,Panevezys,LIT,0,1114.84375,2026-07-24,2026-08-30
None,Linfield,NIR,0,1112.89929199,2026-07-17,2026-08-30
None,Milsami Orhei,MOL,0,1106.4597168,2026-07-17,2026-08-30
None,Hegelmann,LIT,0,1105.8293457,2026-07-17,2026-08-30
None,Spartak Varna,BUL,1,1099.84106445,2026-07-18,2026-07-26
None,Vardar,MAC,0,1099.73193359,2026-07-23,2026-08-30
None,Decic,MNT,0,1098.27709961,2026-07-16,2026-08-30
None,Septemvri Sofia,BUL,1,1095.19165039,2026-07-19,2026-07-26
None,Sileks,MAC,0,1091.06091309,2026-07-17,2026-08-30
None,Dukagjini,KOS,0,1084.08703613,2026-07-24,2026-08-30
None,Paide Linnameeskond,EST,0,1082.51745605,2026-07-24,2026-08-30
None,Sutjeska,MNT,0,1082.15710449,2026-07-16,2026-08-30
None,Rabotnicki,MAC,0,1081.38427734,2026-02-27,2026-08-30
None,Nomme Kalju,EST,0,1067.46813965,2026-07-24,2026-08-30
None,The New Saints,WAL,0,1066.42773438,2026-07-24,2026-08-30
None,Lincoln,GIB,0,1065.0925293,2026-07-22,2026-08-15
None,Differdang,LUX,0,1064.40563965,2026-07-17,2026-08-30
None,Floriana,MLT,0,1063.39416504,2026-07-22,2026-08-30
None,Larne,NIR,0,1059.32751465,2026-07-22,2026-08-30
None,Valletta,MLT,0,1058.54980469,2026-07-24,2026-08-30
None,Marsaxlokk,MLT,0,1058.54980469,2026-07-17,2026-08-30
None,Glentoran,NIR,0,1056.44763184,2026-07-17,2026-08-30
None,Coleraine,NIR,0,1056.44763184,2026-07-24,2026-08-30
None,R Letzebuerg,LUX,0,1055.80236816,2026-01-01,2026-08-30
None,Malisheva,KOS,0,1053.15783691,2026-07-24,2026-08-30
None,Dunav Ruse,BUL,1,1051.70751953,2026-07-18,2026-07-27
None,FC Infonet,EST,0,1050.10693359,2026-07-22,2026-08-30
None,HB Torshavn,FAR,0,1050.02600098,2026-07-24,2026-08-30
None,Zemun,SRB,1,1049.02087402,2026-07-19,2026-07-25
None,Macva Sabac,SRB,1,1049.02087402,2026-07-18,2026-07-26
None,Una Strassen,LUX,0,1047.87158203,2026-07-24,2026-08-30
None,Petrovac,MNT,0,1045.57641602,2026-07-17,2026-08-30
None,Mornar,MNT,0,1045.57641602,2026-07-17,2026-08-30
None,Runavik,FAR,0,1039.27258301,2026-07-24,2026-08-30
None,Dudelange,LUX,0,1035.68371582,2026-01-01,2026-08-30
None,Gota,FAR,0,1033.25927734,2026-07-17,2026-08-30
None,Escaldes,AND,0,1002.06817627,2026-07-15,2026-08-30
None,Penybont,WAL,0,988.081848145,2026-07-17,2026-08-30
None,Caernarfon Town,WAL,0,969.859069824,2026-07-17,2026-08-30
None,Connahs Quay,WAL,0,969.859069824,2026-07-17,2026-08-30
None,St Josephs,GIB,0,968.097045898,2026-07-17,2026-08-30
None,College Europa,GIB,0,955.99798584,2026-07-17,2026-08-30
None,Santa Coloma,AND,0,954.305236816,2026-07-24,2026-08-30
None,Atletic Club Escaldes,AND,0,944.222595215,2026-07-24,2026-08-30
None,SS Virtus,SMR,0,767.627746582,2026-07-17,2026-08-30
None,Tre Fiori,SMR,0,736.193237305,2026-07-15,2026-08-30
None,La Fiorita,SMR,0,716.190124512,2026-07-15,2026-08-30


